County,total_homeless_per_10k_lag1,CoC_Category_Largely Rural CoC,CoC_Category_Major City CoC,CoC_Category_Other Largely Urban CoC,Percentage_of_Households_with_Cost_Burden_5_year_lag1,Rental_Vacancy_Rates_5_year_lag1,Share_of_Single_Person_Households_5_year_lag1,Share_of_Renter_Occupied_Units_5_year_lag1,Unemployment Rate_lag1,Median Household Income_lag1,Labor Force_lag1,FixedEffect
alameda county,0.5552863676042934,-0.14425411105030353,2.1757220028685267,-0.3811376240369742,0.10112092922514113,0.20802995023150203,-0.0696989347496644,1.2619915501641163,-0.11429974849988875,0.8655088731664267,0.5738952093592175,-16.279697744305956
allegheny county,-0.4183458630296715,-0.14425411105030353,-0.4596175424441058,-0.3811376240369742,-1.2551102228926487,-0.6900454191035328,0.10356998976916947,-0.11221689473101747,-0.2168625472626973,-0.5416691578249748,0.30038977801371936,-20.336093023904237
anne arundel county,-0.6240381054900286,-0.14425411105030353,-0.4596175424441058,-0.3811376240369742,-0.7919315880960767,-0.690838421637162,-0.05525985770642831,-1.1101539797143885,-0.6197878281165876,1.452456870430811,-0.27325064502396373,-18.248480823025332
arlington county,-0.27137658212487115,-0.14425411105030353,-0.4596175424441058,2.623724179754528,-2.5974973962709167,-0.6753748722313933,0.14688722089887804,2.2272093864595086,-1.3523792478509338,2.3480244894929396,-0.5281260897535568,-30.79149541041099
atlantic county,0.10093315559628613,-0.14425411105030353,-0.4596175424441058,-0.3811376240369742,1.7120430487698042,-0.6063836518056555,-0.01194262657671974,-0.43940938161081117,1.6732233156519156,-0.47695709520085117,-0.5550608977149795,-12.215212770226847
baltimore county,-0.49610919853652663,-0.14425411105030353,-0.4596175424441058,-0.3811376240369742,-0.30562252470096746,-0.6636120013158938,0.26721286292584595,-0.19946822456562915,-0.2583760610476436,0.29918037036230244,-0.010795616537101179,-20.557703564847873
beaver county,-0.6338059196258304,-0.14425411105030353,-0.4596175424441058,-0.3811376240369742,-1.901575405777517,-0.6626868316933265,0.016935527509752468,-1.0119962336504502,0.18606273359119305,-0.6675978418320531,-0.6274166605503834,-17.11222225292014
bergen county,-0.7814075151547785,-0.14425411105030353,-0.4596175424441058,-0.3811376240369742,-0.41472841440706104,-0.7174040065137391,-0.0696989347496644,-0.12857651907500717,-0.2901216892361319,1.2482906221827839,0.026497022581537712,-26.968046548203684
berks county,-0.3130139679404528,-0.14425411105030353,-0.4596175424441058,-0.3811376240369742,0.0006726973794308636,-0.6539638038234056,-0.05525985770642831,-0.8811192388985326,-0.12895157689457568,-0.3932057044002704,-0.41936652932515645,-12.618526187568522
bexar county,-0.11572581450003745,-0.14425411105030353,2.1757220028685267,-0.3811376240369742,-0.8064470100529227,-0.602022137870695,-0.02638170361995597,0.5585277033725597,-0.6051359997219007,-0.6725239393334353,0.6746645291673584,-22.978719002332117
brevard county,0.20300939786651176,-0.14425411105030353,-0.4596175424441058,-0.3811376240369742,0.2625837944314857,2.662372791813783,0.016935527509752468,-0.9956366093064605,0.35455876013009263,-0.7936889246578582,-0.3394369473007469,-14.257247037093878
broward county,-0.22219469401687286,-0.14425411105030353,-0.4596175424441058,-0.3811376240369742,1.983575210611802,1.6275044854277163,0.0024964504665163645,-0.06313802169904836,-0.09232200590785854,-0.603473508266179,0.8583651240458938,-22.229046147587276
bucks county,-0.5734108509511816,-0.14425411105030353,-0.4596175424441058,-0.3811376240369742,0.004590170538770272,-0.6242262088123117,-0.0696989347496644,-1.4700657152821617,-0.2901216892361319,0.7664919934055184,-0.2112107143484248,-15.119804607670858
buncombe county,0.20211707927146252,-0.14425411105030353,-0.4596175424441058,-0.3811376240369742,-0.8675103393319776,-0.7027334596415996,0.07469183568269726,0.00230047567691027,-0.5098991151564357,-0.924752504647539,-0.5541748012218437,-9.96005237970282
burlington county,0.0953488709772706,-0.14425411105030353,-0.4596175424441058,-0.3811376240369742,0.07254606811811101,-0.6761678747650224,-0.05525985770642831,-1.4373464665941822,0.02489262124963695,0.8109660699054391,-0.38693122522697554,-5.807900404424956
camden county,1.297193945888749,-0.14425411105030353,-0.4596175424441058,-0.3811376240369742,0.6992925945673739,-0.6385993797343404,-0.12565035829220456,-1.7952132491189565,0.34998006375675295,0.6980321913754177,-0.4869432591923536,-3.636866482696399
champaign county,-0.48736403915691034,-0.14425411105030353,-0.4596175424441058,2.623724179754528,0.7842772514319246,1.3103034719760485,0.08913091272593336,1.0983953067242196,-0.13627749109191928,-0.8850807932156849,-0.5925204348100207,-27.88235538962598
chester county,-0.32871710894773204,-0.14425411105030353,-0.4596175424441058,-0.3811376240369742,-1.0108103109601885,-0.6948034343053079,-0.08413801179290058,-1.2573905988102958,-0.7443283694714264,1.2870575401960167,-0.31311428158829974,-12.92636717357821
clackamas county,-0.18811948656819363,-0.14425411105030353,-0.4596175424441058,-0.3811376240369742,-0.45453961392064607,-0.711852988778335,-0.0696989347496644,-0.5212075033307597,-0.17290706207863646,0.27216545575503615,-0.42970349823532233,-16.284212422506947
clark county,0.3357377819177735,-0.14425411105030353,0.8580522302122103,-0.3811376240369742,-0.1291005938368012,-0.6279929708470503,-0.04082078066319207,0.54216807902857,0.5889880144450835,-0.32688898678158335,0.24925119493170667,-15.682069788261938
clarke county,0.10326185586978583,-0.14425411105030353,-0.4596175424441058,2.623724179754528,0.8975122439753551,2.7178829691678246,0.17576537498535033,2.538042248995312,0.2666477897619711,-1.6601330222282986,-0.673171411377169,-30.851793176837678
cobb county,-0.6672004634545915,-0.14425411105030353,-0.4596175424441058,-0.3811376240369742,-0.5069979399539182,1.5204491433877785,-0.05525985770642831,-0.14493614341899688,-0.1655811478812931,0.18720767372962704,-0.11080044479214937,-27.964257725424456
collier county,-0.24231907281616438,-0.14425411105030353,-0.4596175424441058,-0.3811376240369742,0.5638085040491966,2.5513524371056993,-0.02638170361995597,-1.0283558579944398,0.0029148786576065344,-0.28782433760068454,-0.5018399329734475,-17.506075001178484
contra costa county,-0.010104826694204613,-0.14425411105030353,-0.4596175424441058,-0.3811376240369742,0.6853463260714218,0.37456048229362776,-0.09857708883613674,-0.17765539210697617,0.002914878657606471,1.0342180459924166,0.12729983178625934,-17.02173860606165
cook county,-0.8803998528410286,-0.14425411105030353,-0.4596175424441058,-0.3811376240369742,-0.03339264616314354,1.10808782590061,0.060252758639461036,0.7384835711564463,0.6036398428397701,-0.41417835184728563,3.6234940136433655,-38.093078005456846
cumberland county,0.16425075918125356,-0.14425411105030353,-0.4596175424441058,2.623724179754528,-0.7687147178960475,-0.5948851150680324,0.04581368159622493,1.180193428444168,0.8014395261680439,-1.068877589629111,-0.5572113561806629,-20.753585571593728
cuyahoga county,-0.141798648004219,-0.14425411105030353,-0.4596175424441058,-0.3811376240369742,-0.3302719174468682,-0.5936956112675887,0.11800906681240571,0.493089205996601,0.0248926212496369,-1.0372948860252724,0.2467592544222002,-19.597391258230015
dallas county,-0.22258093856224367,-0.14425411105030353,2.1757220028685267,-0.3811376240369742,-0.7522138567415133,-0.5857655859312969,-0.01194262657671974,1.425587793604013,-0.3560549170122231,-0.6829561301173673,1.3123001695350431,-29.13918492066326
dane county,-0.24750729681464093,-0.14425411105030353,-0.4596175424441058,2.623724179754528,-0.329883162342098,-0.7332640571863226,0.016935527509752468,0.6239662007485185,-1.0959722509439127,0.04889801311389417,-0.26041157898401696,-18.188031451832448
dauphin county,-0.15508646864408973,-0.14425411105030353,-0.4596175424441058,-0.3811376240369742,-1.4079918273265555,-0.6174856872764638,0.0313746045529887,0.05137934870887929,-0.22418846146004073,-0.43822884357302955,-0.5363482856206253,-16.377466810479202
dekalb county,-0.7785199831858632,-0.14425411105030353,-0.4596175424441058,-0.3811376240369742,-0.3605504314864456,1.8059300554942794,0.3519221149128315,1.4026843195224277,0.17434127087544354,-0.17755863299596059,0.146043325496313,-36.560534052015136
delaware county,-0.5203904330827336,-0.14425411105030353,-0.4596175424441058,-0.3811376240369742,0.26661646516211446,-0.6103486644738013,0.0024964504665163645,-0.6684441224266671,-0.15092931948660618,0.113115146004755,-0.2878484533908998,-18.909836255376597
dupage county,-0.6676491216996133,-0.14425411105030353,-0.4596175424441058,-0.3811376240369742,-0.9895597338139009,0.814676888457817,-0.05525985770642831,-1.1101539797143885,-0.15092931948660615,0.9341417072712425,0.07705914883716093,-22.05545630355065
durham county,0.09995380073178081,-0.14425411105030353,-0.4596175424441058,2.623724179754528,-0.3858552859722631,-0.6377072518840077,0.060252758639461036,1.180193428444168,-0.29744760343347537,-0.5893370777598577,-0.5123218395999627,-17.60010159613082
dutchess county,-0.24822780199582364,-0.14425411105030353,-0.4596175424441058,-0.3811376240369742,0.30310552058715234,-0.6515847962225181,-0.02638170361995597,-0.5702863763627288,-0.23884028985472763,0.4319272269968827,-0.5312334665510466,-14.44463789779235
essex county,0.21744790630700964,-0.14425411105030353,-0.4596175424441058,-0.3811376240369742,0.8853499488866634,-0.5825935757967803,0.016935527509752468,2.1781305134275395,0.7794617835760135,-0.5151362841558342,-0.14817131733722683,-23.492660792787344
fairfax county,-0.4001853213262435,-0.14425411105030353,-0.4596175424441058,-0.3811376240369742,-1.3048550920881674,-0.7249375305832163,0.060252758639461036,-0.46940202624145905,-1.0862043653474547,2.678315331434128,0.25674920547298796,-19.929969751108246
forsyth county,-0.2511148779381877,-0.14425411105030353,-0.4596175424441058,2.623724179754528,-0.24245262181682878,-0.5009143148329758,0.04581368159622493,0.11681784608483818,0.039544449644323895,-0.948176600929622,-0.47327155616733724,-15.246115417189916
franklin county,-0.2718321666965389,-0.14425411105030353,2.1757220028685267,-0.3811376240369742,-0.9228245718168866,-0.6218472012114242,0.04581368159622493,1.1147549310682092,-0.46594362997237493,-0.5632604674385687,0.3104558122154822,-27.302465412654673
fresno county,0.463716952259125,-0.14425411105030353,2.1757220028685267,-0.3811376240369742,1.2059515972917616,0.683831470409004,-0.11301616587937291,1.2456319258201265,2.383836992794232,-0.9627692947837952,-0.04330146797070217,-24.464598520150037
fulton county,-0.6487342714415136,-0.14425411105030353,-0.4596175424441058,-0.3811376240369742,0.4038768219351775,1.4506649204284114,0.917933935007689,1.127842630543401,-0.21539736442322868,-0.3243996448888126,-0.1200852701928542,-34.970330301256844
genesee county,-0.3840408634279004,-0.14425411105030353,-0.4596175424441058,-0.3811376240369742,0.7585518761988533,-0.6095556619401721,0.016935527509752468,-0.6030056250507082,0.6695730706158615,-1.1241705207670751,-0.47107058910353217,-15.989157024164864
gloucester county,0.25380467358042486,-0.14425411105030353,-0.4596175424441058,-0.3811376240369742,0.8686466678032856,-0.7059054697761162,0.2912779913312397,-0.3923754616218408,0.4589530374422371,-0.03132120337937679,-0.3491243214246752,9.451121005651588
hamilton county,-0.16818534985694705,-0.14425411105030353,-0.4596175424441058,-0.3811376240369742,-0.38796056652287136,-0.5738705479268595,0.08913091272593336,0.6076065764045289,-0.20221071886801031,-0.7421002332422836,-0.10209951525592696,-21.13302132431815
hennepin county,0.47989390697031425,-0.14425411105030353,2.1757220028685267,-0.3811376240369742,-0.5571903868819194,-0.71661100398011,0.060252758639461036,0.1331774704288278,-0.9274762244050131,0.17905679968495372,0.3475771613057082,-10.364816703695746
hillsborough county,0.09508246636233407,-0.14425411105030353,-0.4596175424441058,-0.3811376240369742,0.6020557676370669,1.5918193714144038,0.0024964504665163645,0.5748873277165495,-0.12895157689457576,-0.6884931565082459,0.366935130542368,-27.066034990002567
horry county,6.074466258657907,6.932211447695141,-0.4596175424441058,-0.3811376240369742,-1.9212046818749706,-0.6438034588612819,0.025959950661775255,-0.12039670690301235,0.4397225126742104,-1.2533181813596328,-0.639043794738659,-8.311581179227247
howard county,-0.6593565770727411,-0.14425411105030353,-0.4596175424441058,-0.3811376240369742,-1.0326380305095182,-0.7003544520407121,-0.11301616587937291,-1.0447154823384295,-0.9128243960103261,2.5081033250951577,-0.47927741278856356,-19.832397519188724
hudson county,-0.13660723370752859,-0.14425411105030353,-0.4596175424441058,-0.3811376240369742,-0.8176135572866936,-0.663083332960141,-0.01194262657671974,3.6995755774185803,0.07617402063104114,-0.1825667032344145,-0.17289994267308187,-41.90510668941505
johnson county,-0.8123028574771671,-0.14425411105030353,-0.4596175424441058,-0.3811376240369742,-2.1614405861097956,0.5609160776964827,-0.04082078066319207,-0.6520844980826773,-1.0300390231678216,0.7350948884516535,-0.23674500672497184,-25.427407115067155
kane county,-0.5711753097130504,-0.14425411105030353,-0.4596175424441058,-0.3811376240369742,0.2556786222625941,0.6877964830771498,-0.11301616587937291,-1.1592328527463576,0.31060327494603196,0.3972976122226443,-0.32756028965761985,-19.42230081247656
kent county,-0.30123851623642317,-0.14425411105030353,-0.4596175424441058,-0.3811376240369742,-0.38693102772989846,-0.67854688236591,-0.04082078066319207,-0.5866460007067185,-0.5611805145378399,-0.4790682798443007,-0.2097157696453215,-14.795690986726537
kern county,-0.3449426537835323,-0.14425411105030353,2.1757220028685267,-0.3811376240369742,0.5281642758810623,0.7750267617763585,-0.12745524292260904,0.7548431955004359,2.1567336526765843,-0.8273596130738996,-0.12717209316486103,-30.90292750783278
kershaw county,0.7167178219646901,6.932211447695141,-0.4596175424441058,-0.3811376240369742,-0.39953469915384804,0.10916896770573221,1.5041604629630771,-0.6357248737386877,-0.536760800546695,-0.8991038023248002,-0.5865199310021824,135.60186180028145
king county,1.644822709187044,-0.14425411105030353,2.1757220028685267,-0.3811376240369742,-0.927737743537074,-0.7273165381841038,0.016935527509752468,0.7548431955004359,-0.7076987984847092,0.7689434422405863,1.1688379081579967,3.346527744032851
knox county,0.013511097313073494,-0.14425411105030353,-0.4596175424441058,-0.3811376240369742,-0.92684828607846,-0.6833048975676849,0.016935527509752468,-0.06313802169904845,-0.48059545836706186,-0.7527953554470114,-0.388637811936339,-13.104133684560509
lake county,-0.7047412404887207,-0.14425411105030353,-0.4596175424441058,-0.3811376240369742,-0.49069980580795086,0.9613823571792136,-0.09857708883613674,-1.224671350122316,0.09815176322307155,0.8402829233241835,-0.16297802267791642,-22.116026980753684
lancaster county,-0.5437372778299784,-0.14425411105030353,-0.4596175424441058,-0.3811376240369742,-0.36164300071035793,-0.7189900115809975,-0.0696989347496644,-0.5212075033307597,-0.5318768577484662,-0.288071802467316,-0.3169068184994411,-19.423730380440464
lee county,-0.4560582799613485,-0.14425411105030353,-0.4596175424441058,-0.3811376240369742,0.3626437224874666,2.753568083181137,-0.01194262657671974,-0.7011633711146462,0.04687036384166732,-0.7677051136615561,-0.2521786774901726,-23.847877922036975
los angeles county,1.2453962667557725,-0.14425411105030353,2.1757220028685267,-0.3811376240369742,1.5969452501878556,0.2595751149173981,-0.04082078066319207,2.0472535186756216,0.6915508132078918,-0.33028002878214247,7.451285377267242,-13.793271913606224
loudoun county,-0.7626603561995964,-0.14425411105030353,-0.4596175424441058,-0.3811376240369742,-1.2449480570321005,-0.7063019710429309,-0.17077247405231755,-1.5191445883141306,-1.0153871947731345,3.3076623091813673,-0.4399139211469332,-19.145742284125166
luzerne county,-0.6891523090540549,-0.14425411105030353,-0.4596175424441058,-0.3811376240369742,-1.6044901636971372,-0.6944069330384932,0.0313746045529887,-0.4230497572668215,0.6256175854318007,-0.9342721687357675,-0.5060261075460377,-21.835564999433938
macomb county,-0.7216447157173232,-0.14425411105030353,-0.4596175424441058,-0.3811376240369742,-0.19926044775630775,-0.6876664115026454,0.0024964504665163645,-1.1755924770903472,0.44246973049821436,-0.4474546431321332,-0.06671302670988258,-18.870471514707948
madison county,-0.5986507628208081,-0.14425411105030353,-0.4596175424441058,-0.3811376240369742,-0.5950525440587576,0.7869217997807961,-0.01194262657671974,-0.8647596145545432,0.38386241691946654,-0.5146877540850647,-0.5482589816668344,-21.13924056069056
maricopa county,-0.20762985375663232,-0.14425411105030353,2.1757220028685267,-0.3811376240369742,-0.4971836197499727,1.7861049921535503,-0.02638170361995597,0.26405446518074543,-0.1875588904733235,-0.45344793287086355,2.5319957966447055,-27.888912560000033
marin county,1.0759666061285311,-0.14425411105030353,-0.4596175424441058,-0.3811376240369742,0.6255812977003644,-0.02987080985724892,0.0313746045529887,0.1658967191168072,-0.7809579404581438,1.8150315664312937,-0.5408380607884472,0.793899252318449
marion county,0.2059854997442235,-0.14425411105030353,-0.4596175424441058,-0.3811376240369742,0.1780482632038975,2.1231310689459475,0.016935527509752468,-1.355548344874234,0.5963139286424269,-1.3022369588625666,-0.552624132358856,-9.212596603311566
mchenry county,-0.6800391369195916,-0.14425411105030353,-0.4596175424441058,-0.3811376240369742,-0.4482475025052772,0.7472716730993376,-0.12745524292260904,-1.9444948212578625,0.2373441329725973,0.7939760601557737,-0.4929438316260047,-16.617200533082073
mercer county,-0.07503088517764166,-0.14425411105030353,-0.4596175424441058,-0.3811376240369742,0.1043804009665433,-0.623036705011868,-0.02638170361995597,-0.09585727038702777,-0.12162566269723221,0.5660454514340454,-0.4435027766460836,-17.58023889907643
miami-dade county,-0.1849632615659748,-0.14425411105030353,2.1757220028685267,-0.3811376240369742,2.7723238937732466,1.314268484644194,-0.04082078066319207,1.0820356823802297,0.1714109051965061,-1.0617861745447035,1.3743845697371895,-30.888895261659666
middlesex county,-0.5013098386888972,-0.14425411105030353,-0.4596175424441058,-0.3811376240369742,-0.7692840312126544,-0.7023369583747849,-0.08413801179290058,-0.09585727038702775,-0.026388778131767352,0.8440258294319841,-0.05096559872917552,-23.36091624428003
milwaukee county,-0.24448128112236897,-0.14425411105030353,2.1757220028685267,-0.3811376240369742,0.40417355462517396,-0.7162145027132956,0.08913091272593336,1.5564647883559306,0.12745542001244542,-1.0430561774515357,0.016206719223984322,-30.309662863321034
mobile county,-0.21811269585740733,-0.14425411105030353,-0.4596175424441058,2.623724179754528,-0.00014751025071273776,2.2698365376673437,0.0024964504665163645,-0.27581313817091413,0.6036398428397705,-1.087514787397292,-0.4605557420869375,-17.678395369579302
monmouth county,-0.5410678400343678,-0.14425411105030353,-0.4596175424441058,-0.3811376240369742,1.062494563603116,-0.686080406435387,-0.04082078066319207,-1.1919521014343368,-0.019062863934423784,1.273276840435478,-0.22775639778205597,-17.15657409185249
monroe county,-0.37993024038301176,-0.14425411105030353,-0.4596175424441058,-0.3811376240369742,0.857714335980087,-0.641275763285339,0.04581368159622493,-0.046778397355058746,-0.041040606526454214,-0.5706689468833477,-0.1619738897869961,-19.18618475623922
montgomery county,-0.44189689823307415,-0.14425411105030353,-0.4596175424441058,-0.3811376240369742,-0.37511092999555684,-0.6538316367344674,-0.007129600895641038,-0.32489201120288325,-0.4415239159812301,0.5895520360050055,-0.08833509875799968,-20.177341503360523
morris county,-0.582296292971134,-0.14425411105030353,-0.4596175424441058,-0.3811376240369742,-1.5046015749120354,-0.6702203557628036,-0.0696989347496644,-1.2737502231542854,-0.4586177157750315,2.0649092155123987,-0.33602651891452656,-16.69799210870985
multnomah county,1.863463735330729,-0.14425411105030353,2.1757220028685267,-0.3811376240369742,0.4748891882122877,-0.7384185736549123,0.04581368159622493,1.1638338041001786,-0.2681439466441015,-0.3985571321411755,-0.060009657328725007,3.6444516711076744
oakland county,-0.7566984385133321,-0.14425411105030353,-0.4596175424441058,-0.3811376240369742,-1.132718287436496,-0.6388967556844515,0.0024964504665163645,-0.7993211171785843,-0.12895157689457576,0.2890549329026325,0.28350261253626513,-22.03727516331701
ocean county,-0.5133700336525142,-0.14425411105030353,-0.4596175424441058,-0.3811376240369742,2.215459657726179,-0.7130424925787787,0.0024964504665163645,-1.8790563238819036,0.5303807008663357,-0.05068339587401706,-0.3272953940207314,-11.829502776839346
orange county,-0.3475875345874321,-0.14425411105030353,-0.4596175424441058,0.6204829772268597,0.6828878799759638,-0.3527550081332593,-0.03119472930103463,0.20406917591944987,-0.3414030886175361,0.33873866039695055,0.23641505692643355,-20.73100042032625
palm beach county,-0.38362363399251365,-0.14425411105030353,-0.4596175424441058,-0.3811376240369742,1.6359171751874304,1.6314694980958622,0.0313746045529887,-0.6848037467706566,0.002914878657606677,-0.5042400967469683,0.36549206695363967,-21.1124480170275
pasco county,1.9098364547347508,-0.14425411105030353,-0.4596175424441058,-0.3811376240369742,0.3774794147068315,2.0477958282511763,-0.02638170361995597,-1.2410309744663057,0.25199596136728436,-0.9705412382514391,-0.41310263964830823,7.207587012782688
pierce county,0.005031534963303071,-0.14425411105030353,-0.4596175424441058,-0.3811376240369742,0.1191449158938088,-0.6825118950340557,-0.04082078066319207,0.32949296255670424,0.32525510334071883,-0.14588777003338452,-0.1186215914100012,-17.799972823116
pima county,0.04710599831070158,-0.14425411105030353,2.1757220028685267,-0.3811376240369742,0.039161480183689985,1.6195744600914246,0.0313746045529887,0.231335216492766,-0.07767017751317151,-0.9210714647563962,-0.0006845638022298471,-22.790419438320022
pinellas county,0.9015638564647114,-0.14425411105030353,-0.4596175424441058,2.623724179754528,0.5563617201958361,1.7305948147995083,0.11800906681240571,-0.2267342651389454,-0.1509293194866061,-0.9120853967868418,0.009702639202807112,-1.7032246052310607
polk county,-0.49537815510568606,-0.14425411105030353,-0.4596175424441058,-0.3811376240369742,0.057483685226112406,1.7424898528039459,-0.04082078066319207,-0.6193652493946978,0.47177338728758805,-1.0675010663084736,-0.3045042126280463,-23.06694610834113
prince william county,-0.47875612049689514,-0.14425411105030353,-0.4596175424441058,-0.3811376240369742,0.04857163114141762,-0.69757894317301,-0.15633339700908142,-0.8811192388985327,-0.7443283694714264,1.7872845682602425,-0.38414776226526637,-18.188683934203834
ramsey county,0.42981815440577237,-0.14425411105030353,-0.4596175424441058,2.623724179754528,0.051071505735890796,-0.7189900115809975,0.060252758639461036,0.5585277033725597,-0.8029356830501742,-0.3601072784883142,-0.3084167074597269,-5.846623527502276
richmond county,0.0003578314433677145,-0.14425411105030353,-0.4596175424441058,2.623724179754528,0.060633164974516526,1.9209154228705092,0.07469183568269726,1.1638338041001783,0.947957810114913,-1.3595405420419113,-0.6277133985643486,-21.91800533446464
riverside county,-0.2768542291366546,-0.14425411105030353,-0.4596175424441058,-0.3811376240369742,1.815450201915386,1.0605076738828598,-0.11301616587937291,-0.2103746407949556,0.8673727539441352,-0.3462028462944597,0.9175002613229312,-24.020493668165944
rockland county,-0.7597852155657678,-0.14425411105030353,-0.4596175424441058,-0.3811376240369742,1.8503180170111029,-0.6900454191035328,-0.11301616587937291,-0.5866460007067185,-0.3047735176308188,1.1349594465426627,-0.5188533699462061,-22.927971530034004
sacramento county,0.06632277033305908,-0.14425411105030353,2.1757220028685267,-0.3811376240369742,0.9873049434208163,0.7948518251170879,-0.04082078066319207,0.918439438940333,0.501077044076962,-0.3728749189510805,0.35944860338707274,-22.532156188748377
salt lake county,0.04957436189395777,-0.14425411105030353,-0.4596175424441058,-0.3811376240369742,-0.7001239005577409,-0.6868734089690162,-0.08413801179290058,-0.27581313817091413,-1.0886463367465693,0.012072147648301779,0.18605176252537298,-12.736518590793322
san bernardino county,-0.4286814938623951,-0.14425411105030353,-0.4596175424441058,-0.3811376240369742,1.6404130315914425,0.9058721798251715,-0.14189431996584526,0.3785718355886732,0.77213586937867,-0.5165978735243762,0.7352306518900947,-27.243653724389393
san diego county,0.5037958873307409,-0.14425411105030353,2.1757220028685267,-0.3811376240369742,1.1838662197522691,0.3864555202980653,-0.0696989347496644,1.2292723014761369,0.0908258490257282,0.13945468774683975,1.7826079614099068,-21.457721186977917
san joaquin county,0.24064783611379784,-0.14425411105030353,-0.4596175424441058,-0.3811376240369742,1.142069042636949,0.6759014450727123,-0.12745524292260904,0.7712028198444257,1.871022998980189,-0.5002651923267006,-0.2498602230350843,-17.32095864189034
san luis obispo county,2.354857629464829,-0.14425411105030353,-0.4596175424441058,-0.3811376240369742,1.0111770735526366,0.10890463352785582,-0.04082078066319207,0.6239662007485186,-0.20221071886801031,-0.01979668720757941,-0.5401303914082415,13.015892935398572
san mateo county,0.1670973313167193,-0.14425411105030353,-0.4596175424441058,-0.3811376240369742,-0.28323131344480723,0.009779316824209577,-0.08413801179290058,0.5748873277165494,-0.8102615972475177,1.843984955827173,-0.06227815219219291,-18.665270445816475
santa barbara county,1.198006937610177,-0.14425411105030353,-0.4596175424441058,-0.3811376240369742,1.255204687414651,0.09700959552341827,-0.0696989347496644,1.3601492962280546,0.04687036384166727,0.05469797092556873,-0.41292476154187946,-5.328840054338949
santa clara county,1.0670125071396332,-0.14425411105030353,2.1757220028685267,-0.3811376240369742,-0.8359285190204605,0.0058143041560637316,-0.11301616587937291,0.803922068532405,-0.39268448799894035,1.968637649115683,0.8751888792724453,-7.493272675722515
shelby county,-0.037244040379931356,-0.14425411105030353,2.1757220028685267,-0.3811376240369742,0.7099104744833488,-0.499724811032532,0.0313746045529887,0.7221239468124567,0.3692105885247798,-0.9362982873313125,-0.049806920508132686,-23.07346372888085
snohomish county,-0.20611780830088386,-0.14425411105030353,-0.4596175424441058,-0.3811376240369742,-0.33470038943343566,-0.7063019710429309,-0.0696989347496644,-0.27581313817091413,-0.45861771577503146,0.4950694343733132,-0.10626674910422151,-18.256493649043623
somerset county,-0.5283697119681141,-0.14425411105030353,-0.4596175424441058,-0.3811376240369742,-0.972417633180928,-0.5350134237790302,-0.0696989347496644,-1.4700657152821617,-0.36338083120956644,2.0186410187294,-0.4817704513110727,-15.150501814827013
sonoma county,2.905572006070744,-0.14425411105030353,-0.4596175424441058,2.623724179754528,0.9508262468339694,0.32698033027587753,-0.01194262657671974,0.4767295816526115,-0.18755889047332341,0.20903098165568787,-0.34973823078832683,24.40022781538226
spokane county,0.23523588070777077,-0.14425411105030353,-0.4596175424441058,2.623724179754528,0.25675229539211014,-0.676564376031837,0.0024964504665163645,0.1331774704288278,0.3179291891433754,-0.7291547274066258,-0.38871357483352165,-7.548704871300914
stanislaus county,0.42116669812782215,-0.14425411105030353,-0.4596175424441058,-0.3811376240369742,1.185559027476733,0.6005662043779412,-0.12745524292260904,0.7384835711564463,2.112778167492523,-0.6807908125343421,-0.37143798725638116,-14.935036032012972
stark county,-0.34841911870028736,-0.14425411105030353,-0.4596175424441058,-0.3811376240369742,-1.205772873742451,-0.665065839294214,0.0024964504665163645,-0.5702863763627288,0.032218535446980404,-0.8723904855237409,-0.459159069547571,-16.248067350482447
summit county,-0.25506445929278737,-0.14425411105030353,-0.4596175424441058,-0.3811376240369742,-0.5158418157661284,-0.6111416670074304,0.04581368159622493,-0.30853238685889356,-0.011736949737080409,-0.697193093225758,-0.319413856687734,-16.5486738943914
sumter county,3.4708070045925803,6.932211447695141,-0.4596175424441058,-0.3811376240369742,-0.2793526403975354,-0.06595242513737613,0.3201561454177119,-0.9956366093064607,0.31060327494603196,-1.0093545559271655,-0.6057212961343396,85.3955458841336
tarrant county,-0.40462083816926375,-0.14425411105030353,2.1757220028685267,-0.3811376240369742,-0.6557811989998087,-0.5449259554493947,-0.05525985770642831,0.345852586900694,-0.48792137256440543,-0.2520811309266048,0.8685478221291879,-26.15042682090848
tulsa county,-0.10210095256867605,-0.14425411105030353,2.1757220028685267,-0.3811376240369742,-1.2549491590250579,-0.5929026087339596,0.016935527509752468,0.4603699573086217,-0.7223506268793961,-0.7462607363125248,-0.2515802604037302,-20.2682132142226
union county,-0.030265377561524715,-0.14425411105030353,-0.4596175424441058,-0.3811376240369742,0.7586884071414719,-0.6729958646305058,-0.05525985770642831,0.5258084546845804,0.31060327494603196,0.33000263505305494,-0.3070955233142923,-21.38947438157756
ventura county,-0.047773975220402644,-0.14425411105030353,-0.4596175424441058,2.623724179754528,1.4190703386106143,0.17630984888633527,-0.11301616587937291,0.01866010002089997,0.21536639038056693,0.7596635097419069,-0.06300448779344366,-14.826737622685004
wake county,-0.4518337987378666,-0.14425411105030353,2.1757220028685267,-0.3811376240369742,-1.1600209211127783,-0.6400862594848952,-0.04082078066319207,-0.046778397355058746,-0.40733631639362733,0.2933314351291072,0.11004867499842774,-24.484766511321606
washington county,-0.4479104266007487,-0.14425411105030353,-0.4596175424441058,-0.3811376240369742,-0.47959301446353864,-0.7201795153814413,-0.0696989347496644,0.39493145993266304,-0.4073363163936273,0.29909272655537056,-0.27200440026595984,-24.445844506404423
washoe county,0.1573602211943303,-0.14425411105030353,-0.4596175424441058,2.623724179754528,-0.06305585029764035,-0.6036081429379533,0.0024964504665163645,0.7384835711564463,0.6036398428397703,-0.4773205592237161,-0.39889984145907426,-12.078215106479572
washtenaw county,-0.393307087075538,-0.14425411105030353,-0.4596175424441058,-0.3811376240369742,0.32282326971148273,-0.7055089685093016,0.016935527509752468,0.4276507086206424,-0.641765570708618,-0.08067304439891569,-0.45865480707610556,-22.857757960747016
wayne county,-0.8832817167045893,-0.14425411105030353,-0.4596175424441058,-0.3811376240369742,0.920428962139458,-0.585765585931297,0.060252758639461036,0.035019724364889766,1.0871501798644387,-1.1886041854162386,0.5091404415346348,-28.61794464924131
westchester county,0.06853836204777879,-0.14425411105030353,-0.4596175424441058,-0.3811376240369742,0.7701646555155862,-0.6666518443614723,-0.04082078066319207,0.3131333382127145,-0.28279577503878833,1.1186035655137405,0.0186772484799392,-16.208627294975393
will county,-0.7443314519382707,-0.14425411105030353,-0.4596175424441058,-0.3811376240369742,-0.08793116424754802,0.8503620024711297,-0.11301616587937291,-2.0590121916657904,0.6256175854318008,0.6895768195456314,-0.17553874242169235,-17.28545425288809
york county,-0.5967783182633616,-0.14425411105030353,-0.4596175424441058,-0.3811376240369742,-0.6055568525862064,-0.6985041127955774,-0.011942626576719814,-1.1510530405743626,-0.2376193041551704,-0.22249619056900963,-0.4090781932408995,-15.918055120257655
