CoC Number,County,SSDI Participation Rate (Percent),Unemployment Rate,HPI with 2000 base,HPI,Year,Estimate Total Asian alone,Share_of_Single_Person_Households_1_year,Share_of_Single_Person_Households_5_year,Median_House_Values_1_year,Total Civilian Noninstitutionalized Population Estimate Population Age 16 and Over,Blind and disabled,Overall Homeless - Multiple Races,pct_change_total_homeless_per_10k,target_class
AL-501,mobile county,2.631751953517868,5.2,124.85,366.49,2011,0.02,0.0,0.0,121700.0,1073690.0,31342.0,0,-0.11989066252110714,0
AL-501,mobile county,2.631751953517868,9.4,119.84,351.78,2012,0.02,0.0,0.0,125500.0,1073690.0,31342.0,0,-0.2226660172734226,0
AL-501,mobile county,2.631751953517868,8.7,118.26,347.16,2013,0.02,0.0,0.0,121200.0,1073690.0,31342.0,0,0.20993119569014196,1
AL-501,mobile county,2.631751953517868,7.7,120.49,353.71,2014,0.02,0.0,0.0,120700.0,1073690.0,31342.0,0,-0.03407771488482525,0
AL-501,mobile county,2.631751953517868,6.9,124.12,364.36,2015,0.02,0.0,0.0,120500.0,1073690.0,31342.0,9,0.07930710250911344,1
AL-501,mobile county,2.631751953517868,6.6,126.47,371.24,2016,0.02,0.0,0.0,126800.0,1073690.0,31342.0,18,-0.025217143022327027,0
AL-501,mobile county,2.631751953517868,5.3,130.78,383.89,2017,0.02,0.31,0.29,131200.0,1073690.0,31342.0,9,-0.09032396616208727,0
AL-501,mobile county,2.631751953517868,4.7,137.74,404.33,2018,0.02,0.33,0.3,131700.0,1073690.0,31342.0,20,-0.08227130679016936,0
AZ-501,pima county,2.631751953517868,5.2,120.35,427.91,2011,0.03,0.0,0.0,165700.0,1073690.0,31342.0,0,-0.10157470592614548,0
AZ-501,pima county,3.359172126611377,7.4,117.64,418.28,2012,0.03,0.0,0.0,153500.0,775191.0,17082.0,0,-0.058048298171763935,0
AZ-501,pima county,3.357017683606818,6.8,123.86,440.4,2013,0.03,0.0,0.0,155300.0,784625.0,17327.0,0,-0.03408007205323116,0
AZ-501,pima county,3.329786290680145,6.0,132.16,469.9,2014,0.03,0.0,0.0,158400.0,789390.0,17373.0,0,-0.1496839830083858,0
AZ-501,pima county,3.298090262995778,5.5,136.01,483.59,2015,0.03,0.0,0.0,165900.0,798644.0,17343.0,119,-0.05836580017093229,0
AZ-501,pima county,3.265538677040091,5.0,142.83,507.83,2016,0.03,0.0,0.0,170300.0,803849.0,17328.0,135,-0.11393778513125297,0
AZ-501,pima county,3.246865778059456,4.6,153.36,545.28,2017,0.03,0.3,0.31,182300.0,807856.0,17504.0,104,-0.13700981865921336,0
AZ-501,pima county,3.130206920602937,4.4,162.91,579.26,2018,0.03,0.31,0.3,198100.0,825824.0,17619.0,72,-0.013587221355725765,0
AZ-502,maricopa county,2.631751953517868,5.2,103.9,357.85,2011,0.03,0.0,0.0,161500.0,1073690.0,31342.0,0,0.09468895585240134,1
AZ-502,maricopa county,2.7292951311644296,7.3,112.93,388.95,2012,0.04,0.0,0.0,161600.0,3013965.0,51664.0,0,-0.10713432692258307,0
AZ-502,maricopa county,2.6953481814886184,6.6,131.45,452.74,2013,0.04,0.0,0.0,185000.0,3078452.0,52917.0,0,-0.014199216445251017,0
AZ-502,maricopa county,2.642657587784824,5.8,147.55,508.19,2014,0.04,0.0,0.0,206300.0,3146643.0,54014.0,0,-0.06693196406869006,0
AZ-502,maricopa county,2.555885494,5.1,156.39,538.64,2015,0.04,0.0,0.0,228300.0,3226866.0,53636.0,263,-0.005302219861509583,0
AZ-502,maricopa county,2.477107480758116,4.7,169.14,582.54,2016,0.04,0.0,0.0,239300.0,3287100.0,52674.0,193,-0.031626426174722555,0
AZ-502,maricopa county,2.386208707,4.3,182.31,627.9,2017,0.04,0.27,0.27,256500.0,3351970.0,52509.0,175,0.09719926924781674,1
AZ-502,maricopa county,2.272586904,4.1,196.89,678.12,2018,0.04,0.26,0.27,276800.0,3448713.0,51872.0,227,0.03271082411585069,1
CA-500,santa clara county,2.631751953517868,5.2,123.42,1274.69,2011,0.32,0.0,0.0,627400.0,1073690.0,31342.0,0,-0.017257348944399786,0
CA-500,santa clara county,1.6069446112679833,8.0,126.89,1310.47,2012,0.33,0.0,0.0,634600.0,1440311.0,27527.0,0,0.06769356062042409,1
CA-500,santa clara county,1.577672060265363,6.6,141.67,1463.15,2013,0.33,0.0,0.0,682300.0,1462598.0,27367.0,0,-0.025430443786833123,0
CA-500,santa clara county,1.505081742200712,5.2,161.32,1666.1,2014,0.34,0.0,0.0,746500.0,1494271.0,27190.0,0,-0.14419400507308833,0
CA-500,santa clara county,1.4354331324932734,4.2,174.52,1802.43,2015,0.35,0.0,0.0,836800.0,1520447.0,26564.0,1784,-0.005585083658533163,0
CA-500,santa clara county,1.3685805143264662,3.8,191.45,1977.29,2016,0.36,0.0,0.0,925700.0,1524207.0,25607.0,1719,0.1223889415207946,1
CA-500,santa clara county,1.2909656966431011,3.2,199.17,2056.92,2017,0.36,0.2,0.21,971300.0,1546904.0,25042.0,1457,-0.018639075853106424,0
CA-500,santa clara county,1.2292015993808847,2.6,222.69,2299.86,2018,0.37,0.2,0.21,1110600.0,1550600.0,24289.0,1465,0.3447651538306402,1
CA-502,alameda county,2.631751953517868,5.2,129.85,1059.68,2011,0.27,0.0,0.0,480700.0,1073690.0,31342.0,0,0.0026260333239682687,1
CA-502,alameda county,2.257374642589081,8.8,130.93,1068.46,2012,0.27,0.0,0.0,472900.0,1237721.0,37457.0,0,-0.013689669153418071,0
CA-502,alameda county,2.217916324101992,7.3,148.92,1215.23,2013,0.27,0.0,0.0,518900.0,1261319.0,37255.0,0,-0.018044167252752707,0
CA-502,alameda county,2.1394617862009166,5.9,172.64,1408.85,2014,0.28,0.0,0.0,587600.0,1291680.0,36508.0,0,-0.07006313199596614,0
CA-502,alameda county,2.016341502,4.8,188.67,1539.67,2015,0.29,0.0,0.0,656700.0,1318973.0,35623.0,365,0.02008150131911135,1
CA-502,alameda county,1.9234112758339608,4.3,210.23,1715.62,2016,0.29,0.0,0.0,713600.0,1328629.0,34588.0,372,0.3453771417841067,1
CA-502,alameda county,1.814228362560505,3.7,225.05,1836.54,2017,0.3,0.24,0.24,781000.0,1346578.0,33769.0,832,-0.025714823275050147,0
CA-502,alameda county,1.7107409538148006,3.1,245.16,2000.68,2018,0.31,0.24,0.24,842000.0,1352338.0,32839.0,805,0.4556106692553099,1
CA-503,sacramento county,2.631751953517868,5.2,116.11,552.02,2011,0.14,0.0,0.0,217000.0,1073690.0,31342.0,0,0.1720626659328326,1
CA-503,sacramento county,3.5870538134230268,10.7,116.76,555.15,2012,0.15,0.0,0.0,213500.0,1116097.0,55674.0,0,-0.10485321093422706,0
CA-503,sacramento county,3.638699957905931,9.0,137.0,651.35,2013,0.15,0.0,0.0,238000.0,1128425.0,56492.0,0,-0.048020426953775064,0
CA-503,sacramento county,3.613836054389042,7.4,157.93,750.89,2014,0.15,0.0,0.0,273800.0,1143245.0,56979.0,0,0.07178522480175697,1
CA-503,sacramento county,3.516939525,6.0,167.74,797.52,2015,0.16,0.0,0.0,301200.0,1166355.0,56806.0,141,-0.06794514419916409,0
CA-503,sacramento county,3.415153391404653,5.4,183.56,872.75,2016,0.15,0.0,0.0,326800.0,1179010.0,56196.0,149,0.45052698425142834,1
CA-503,sacramento county,3.275450683730936,4.7,201.34,957.28,2017,0.15,0.26,0.26,353400.0,1192355.0,55219.0,490,-0.018647760415146042,0
CA-503,sacramento county,3.118961405,3.9,215.07,1022.54,2018,0.16,0.26,0.26,376800.0,1202163.0,53731.0,479,0.5247969569323379,1
CA-504,sonoma county,2.631751953517868,5.2,113.72,861.86,2011,0.04,0.0,0.0,398900.0,1073690.0,31342.0,0,-0.020225464431614992,0
CA-504,sonoma county,2.631751953517868,9.0,113.28,858.54,2012,0.04,0.0,0.0,380100.0,1073690.0,31342.0,0,-0.051446064102456,0
CA-504,sonoma county,2.631751953517868,7.2,129.05,978.04,2013,0.04,0.0,0.0,406900.0,1073690.0,31342.0,0,-0.013764442873772764,0
CA-504,sonoma county,2.631751953517868,5.7,150.7,1142.08,2014,0.04,0.0,0.0,469400.0,1073690.0,31342.0,0,-0.27670759463252925,0
CA-504,sonoma county,2.631751953517868,4.5,161.74,1225.75,2015,0.04,0.0,0.0,512100.0,1073690.0,31342.0,513,-0.06339603346912637,0
CA-504,sonoma county,2.631751953517868,4.0,176.27,1335.9,2016,0.04,0.0,0.0,565200.0,1073690.0,31342.0,582,-0.026651444702304516,0
CA-504,sonoma county,2.631751953517868,3.4,189.8,1438.44,2017,0.04,0.29,0.28,628400.0,1073690.0,31342.0,396,0.06582672725838656,1
CA-504,sonoma county,2.631751953517868,2.8,206.12,1562.11,2018,0.04,0.26,0.28,655200.0,1073690.0,31342.0,627,-0.0038498959232976526,0
CA-514,fresno county,2.631751953517868,5.2,132.33,452.6,2011,0.1,0.0,0.0,184300.0,1073690.0,31342.0,0,-0.1298251133849173,0
CA-514,fresno county,2.6612841203759463,15.4,131.72,450.52,2012,0.1,0.0,0.0,174200.0,689141.0,34207.0,0,-0.3083657299656283,0
CA-514,fresno county,2.68790486,13.4,144.25,493.39,2013,0.1,0.0,0.0,185200.0,694221.0,34559.0,0,-0.18132120676430707,0
CA-514,fresno county,2.6528456508096965,11.7,162.61,556.17,2014,0.1,0.0,0.0,204700.0,704338.0,34607.0,0,-0.34170449352190646,0
CA-514,fresno county,2.5631406101702505,10.3,171.73,587.38,2015,0.1,0.0,0.0,220100.0,714358.0,34526.0,87,0.08785613104239309,1
CA-514,fresno county,2.5068079700212764,9.5,181.22,619.83,2016,0.1,0.0,0.0,238100.0,718643.0,34568.0,135,0.060523653797601495,1
CA-514,fresno county,2.4491803685275846,8.6,195.59,668.99,2017,0.1,0.21,0.21,248700.0,725753.0,34629.0,119,0.05798958293427359,1
CA-514,fresno county,2.3936909536831754,7.6,209.23,715.63,2018,0.1,0.24,0.22,274400.0,730253.0,34578.0,97,0.16427205371061393,1
CA-600,los angeles county,2.631751953517868,5.2,166.07,982.16,2011,0.14,0.0,0.0,410600.0,1073690.0,31342.0,0,-0.09538786555556733,0
CA-600,los angeles county,1.9525810869039872,11.0,165.26,977.35,2012,0.14,0.0,0.0,399500.0,7820930.0,280165.0,0,0.1197511433474634,1
CA-600,los angeles county,1.9507013985972408,9.8,180.41,1066.93,2013,0.14,0.0,0.0,420200.0,7904849.0,283100.0,0,-0.04137282975616796,0
CA-600,los angeles county,1.925105485232068,8.2,204.42,1208.96,2014,0.14,0.0,0.0,464400.0,8020080.0,283246.0,0,0.19085439715073726,1
CA-600,los angeles county,1.8841645399887537,6.7,215.92,1276.96,2015,0.14,0.0,0.0,497200.0,8091650.0,279382.0,2453,0.0684911481444237,1
CA-600,los angeles county,1.8406217189159089,5.3,232.25,1373.51,2016,0.15,0.0,0.0,537900.0,8088028.0,274143.0,1822,0.19282048503850158,1
CA-600,los angeles county,1.7729755122168371,4.8,248.16,1467.64,2017,0.15,0.26,0.26,588700.0,8131810.0,268218.0,1884,-0.04195760500878987,0
CA-600,los angeles county,1.7180194200575398,4.6,264.82,1566.16,2018,0.15,0.26,0.26,625200.0,8092458.0,261154.0,1532,0.13360330265289533,1
CA-601,san diego county,2.631751953517868,5.2,144.64,839.92,2011,0.11,0.0,0.0,396500.0,1073690.0,31342.0,0,0.04879268233272249,1
CA-601,san diego county,2.063186949808251,9.3,145.39,844.31,2012,0.11,0.0,0.0,386400.0,2433129.0,60200.0,0,-0.12269363776291942,0
CA-601,san diego county,2.0701001517573663,7.9,160.34,931.11,2013,0.11,0.0,0.0,411000.0,2467755.0,60960.0,0,-0.05732655012251897,0
CA-601,san diego county,2.042157915241421,6.5,179.59,1042.87,2014,0.12,0.0,0.0,457300.0,2520618.0,61292.0,0,0.016503695011216957,1
CA-601,san diego county,1.9942517134165605,5.2,187.38,1088.12,2015,0.12,0.0,0.0,485900.0,2561111.0,60764.0,465,-0.013798700056195656,0
CA-601,san diego county,1.9379814818559205,4.7,201.23,1168.56,2016,0.12,0.0,0.0,527600.0,2571748.0,59728.0,930,0.050327292586295425,1
CA-601,san diego county,1.8834835826260548,4.0,215.48,1251.32,2017,0.12,0.24,0.24,563800.0,2592802.0,59082.0,778,-0.06534575282696875,0
CA-601,san diego county,1.824771059798332,3.4,228.44,1326.55,2018,0.12,0.24,0.24,606200.0,2592380.0,58427.0,396,-0.05384592739885896,0
CA-604,kern county,2.631751953517868,5.2,125.99,377.66,2011,0.04,0.0,0.0,155900.0,1073690.0,31342.0,0,-0.06533985357839567,0
CA-604,kern county,3.379014925,13.4,130.01,389.71,2012,0.05,0.0,0.0,150200.0,599731.0,28534.0,0,-0.15578388253997855,0
CA-604,kern county,3.3228969267529043,11.9,147.55,442.29,2013,0.05,0.0,0.0,161000.0,606850.0,28771.0,0,-0.14919261758634317,0
CA-604,kern county,3.2442714022101296,10.5,167.74,502.79,2014,0.05,0.0,0.0,183100.0,616163.0,28698.0,0,-0.046577328344544866,0
CA-604,kern county,3.203786818293334,10.3,175.57,526.28,2015,0.05,0.0,0.0,197100.0,623637.0,28276.0,74,0.11514684316850499,1
CA-604,kern county,3.1631396709564226,10.4,180.85,542.09,2016,0.05,0.0,0.0,204200.0,622957.0,27965.0,126,-0.24794345573294552,0
CA-604,kern county,3.0727423102674174,9.3,187.97,563.46,2017,0.05,0.21,0.2,205700.0,634775.0,28021.0,102,0.08815162484879457,1
CA-604,kern county,3.015577477204744,8.1,197.55,592.16,2018,0.05,0.21,0.2,226400.0,637523.0,28072.0,28,0.4970853559799646,1
CA-611,ventura county,2.631751953517868,5.2,145.78,983.08,2011,0.07,0.0,0.0,433100.0,1073690.0,31342.0,0,0.05872964902100897,1
CA-611,ventura county,2.2670647297851456,9.2,144.16,972.18,2012,0.07,0.0,0.0,413100.0,643784.0,11877.0,0,-0.13460814605272053,0
CA-611,ventura county,2.255596294421476,8.0,157.91,1064.9,2013,0.07,0.0,0.0,443700.0,649939.0,12056.0,0,-0.15356463760715466,0
CA-611,ventura county,2.2224545961543125,6.7,178.76,1205.47,2014,0.07,0.0,0.0,483100.0,659856.0,11931.0,0,-0.012787439768743969,0
CA-611,ventura county,2.162435618564671,5.7,185.41,1250.33,2015,0.07,0.0,0.0,528700.0,666147.0,11828.0,244,-0.10219222821494778,0
CA-611,ventura county,2.1277966665517853,5.2,197.7,1333.19,2016,0.07,0.0,0.0,561400.0,667357.0,11728.0,183,-0.09838587256063691,0
CA-611,ventura county,2.0580328034798248,4.5,208.28,1404.54,2017,0.08,0.22,0.21,592500.0,671758.0,11740.0,123,0.13976103803085183,1
CA-611,ventura county,1.970705646480692,3.8,217.38,1465.93,2018,0.08,0.22,0.22,614400.0,672348.0,11480.0,76,0.28347634332246896,1
FL-502,pinellas county,2.631751953517868,5.2,126.91,398.43,2011,0.03,0.0,0.0,143600.0,1073690.0,31342.0,0,0.01647814912815959,1
FL-502,pinellas county,4.272722436528728,8.2,127.8,401.22,2012,0.03,0.0,0.0,142200.0,770703.0,18133.0,0,-0.02280365113208116,0
FL-502,pinellas county,4.349995423093138,6.9,138.57,435.03,2013,0.03,0.0,0.0,138000.0,775633.0,18842.0,0,-0.14176171388372194,0
FL-502,pinellas county,4.338108883,5.9,154.87,486.2,2014,0.03,0.0,0.0,150900.0,785250.0,19026.0,0,-0.013513591287691917,0
FL-502,pinellas county,4.235792004206994,5.0,168.53,529.07,2015,0.03,0.0,0.0,170500.0,798670.0,19278.0,99,-0.18940514740152237,0
FL-502,pinellas county,4.112305939764345,4.4,186.99,587.04,2016,0.03,0.0,0.0,186500.0,810251.0,19064.0,93,0.009040271605338601,1
FL-502,pinellas county,3.970737048968757,3.9,205.5,645.15,2017,0.03,0.36,0.37,197300.0,818236.0,18978.0,106,-0.08175023203763043,0
FL-502,pinellas county,3.8526603001364257,3.4,224.37,704.37,2018,0.03,0.37,0.36,215800.0,824625.0,18801.0,92,-0.0751518188974768,0
FL-600,miami-dade county,2.631751953517868,5.2,141.88,486.97,2011,0.02,0.0,0.0,174700.0,1073690.0,31342.0,0,0.02707477718766982,1
FL-600,miami-dade county,2.235905701499505,7.9,142.86,490.32,2012,0.02,0.0,0.0,181500.0,2082154.0,83104.0,0,-0.05331371091899373,0
FL-600,miami-dade county,2.256755781170445,7.6,158.62,544.41,2013,0.02,0.0,0.0,192500.0,2105456.0,84905.0,0,0.07434987627881773,1
FL-600,miami-dade county,2.211742095,6.8,179.2,615.04,2014,0.02,0.0,0.0,216000.0,2149889.0,85185.0,0,-0.012181394315767036,0
FL-600,miami-dade county,2.1677573506472534,6.1,196.71,675.12,2015,0.02,0.0,0.0,251900.0,2179672.0,84716.0,189,0.012535600518815748,1
FL-600,miami-dade county,2.1101263298417257,5.5,214.29,735.48,2016,0.02,0.0,0.0,265200.0,2196314.0,83317.0,68,-0.13377440968667675,0
FL-600,miami-dade county,2.014166956386339,4.8,231.1,793.17,2017,0.02,0.26,0.26,288100.0,2234919.0,81802.0,33,-0.05844076936419107,0
FL-600,miami-dade county,1.945411638,3.7,248.06,851.37,2018,0.02,0.24,0.26,317100.0,2242456.0,79873.0,27,0.0037107797265700793,1
GA-503,clarke county,2.631751953517868,5.2,114.84,482.71,2011,0.04,0.01,0.01,157100.0,1073690.0,31342.0,0,-0.13457225508844417,0
GA-503,clarke county,2.631751953517868,8.6,109.01,458.2,2012,0.04,0.01,0.01,153300.0,1073690.0,31342.0,0,-0.414833039474341,0
GA-503,clarke county,2.631751953517868,7.8,111.73,469.62,2013,0.04,0.01,0.01,141800.0,1073690.0,31342.0,0,0.16275988076612746,1
GA-503,clarke county,2.631751953517868,7.0,116.69,490.48,2014,0.05,0.01,0.01,150000.0,1073690.0,31342.0,0,-0.10698058410526678,0
GA-503,clarke county,2.631751953517868,6.2,120.95,508.39,2015,0.04,0.01,0.01,153300.0,1073690.0,31342.0,4,-0.01516808496460853,0
GA-503,clarke county,2.631751953517868,5.6,129.93,546.15,2016,0.04,0.01,0.01,170400.0,1073690.0,31342.0,5,0.047172410584992,1
GA-503,clarke county,2.631751953517868,4.8,139.72,587.31,2017,0.04,0.29,0.35,167300.0,1073690.0,31342.0,0,-0.11482376863465804,0
GA-503,clarke county,2.631751953517868,4.0,151.19,635.51,2018,0.04,0.29,0.33,191800.0,1073690.0,31342.0,11,0.10920455843622534,1
GA-504,richmond county,2.631751953517868,5.2,119.05,330.07,2011,0.02,0.0,0.0,106100.0,1073690.0,31342.0,0,-0.2086075665591528,0
GA-504,richmond county,2.631751953517868,10.5,113.91,315.81,2012,0.02,0.0,0.0,105900.0,1073690.0,31342.0,0,0.2054952979246183,1
GA-504,richmond county,2.631751953517868,9.8,114.56,317.62,2013,0.02,0.01,0.0,94800.0,1073690.0,31342.0,0,-0.005276430225659934,0
GA-504,richmond county,2.631751953517868,8.7,115.17,319.32,2014,0.02,0.01,0.0,102400.0,1073690.0,31342.0,0,-0.13952794552766645,0
GA-504,richmond county,2.631751953517868,7.5,119.05,330.07,2015,0.02,0.0,0.0,102200.0,1073690.0,31342.0,16,-0.2943297327344697,0
GA-504,richmond county,2.631751953517868,6.8,119.75,332.0,2016,0.02,0.0,0.0,101600.0,1073690.0,31342.0,9,-0.1435070083533908,0
GA-504,richmond county,2.631751953517868,6.0,128.12,355.21,2017,0.02,0.34,0.34,101800.0,1073690.0,31342.0,9,0.09483056488482866,1
GA-504,richmond county,2.631751953517868,5.2,134.07,371.72,2018,0.02,0.39,0.34,108500.0,1073690.0,31342.0,10,0.4207142485035338,1
IL-503,champaign county,2.631751953517868,5.2,127.64,233.62,2011,0.1,0.0,0.0,149600.0,1073690.0,31342.0,0,-0.10231948305798622,0
IL-503,champaign county,2.631751953517868,7.1,126.63,231.76,2012,0.1,0.0,0.0,145400.0,1073690.0,31342.0,0,0.01582288760185313,1
IL-503,champaign county,2.631751953517868,7.2,125.99,230.59,2013,0.09,0.0,0.0,147300.0,1073690.0,31342.0,0,-0.05239707604004107,0
IL-503,champaign county,2.631751953517868,5.8,127.56,233.48,2014,0.1,0.0,0.0,145500.0,1073690.0,31342.0,0,-0.211456446526871,0
IL-503,champaign county,2.631751953517868,5.1,130.48,238.82,2015,0.11,0.0,0.0,157800.0,1073690.0,31342.0,6,0.15582022610952673,1
IL-503,champaign county,2.631751953517868,5.0,132.62,242.74,2016,0.11,0.0,0.0,161500.0,1073690.0,31342.0,12,-0.1529192004717046,0
IL-503,champaign county,2.631751953517868,4.3,133.73,244.77,2017,0.1,0.36,0.35,169200.0,1073690.0,31342.0,8,0.17173211646092024,1
IL-503,champaign county,2.631751953517868,4.3,136.84,250.45,2018,0.11,0.39,0.36,167400.0,1073690.0,31342.0,8,-0.19568237483498885,0
MN-500,hennepin county,2.631751953517868,5.2,120.66,528.85,2011,0.06,0.0,0.0,225200.0,1073690.0,31342.0,0,0.04523470572947086,1
MN-500,hennepin county,2.585419770291701,5.3,119.86,525.34,2012,0.07,0.0,0.0,219200.0,936405.0,21913.0,0,0.08020005852078071,1
MN-500,hennepin county,2.569921161655004,4.7,125.91,551.88,2013,0.07,0.0,0.0,221100.0,947889.0,22592.0,0,0.02759753973837875,1
MN-500,hennepin county,2.518029758722617,3.9,134.19,588.16,2014,0.07,0.0,0.0,228000.0,961466.0,22979.0,0,-0.1461100228428478,0
MN-500,hennepin county,2.4589632195530826,3.4,138.66,607.74,2015,0.07,0.0,0.0,250100.0,971141.0,22971.0,188,-0.05665446198874324,0
MN-500,hennepin county,2.3807117945514618,3.3,145.53,637.88,2016,0.07,0.0,0.0,257700.0,979749.0,22703.0,56,-0.015285410334790028,0
MN-500,hennepin county,2.256226302355378,3.1,155.03,679.51,2017,0.07,0.33,0.33,274900.0,997462.0,22575.0,226,-0.020187439661703332,0
MN-500,hennepin county,2.170302446649639,2.6,164.7,721.9,2018,0.07,0.32,0.33,289900.0,1003086.0,22309.0,232,0.12272472126442913,1
MN-501,ramsey county,2.631751953517868,5.2,117.09,477.72,2011,0.12,0.0,0.0,192500.0,1073690.0,31342.0,0,-0.16245718978333368,0
MN-501,ramsey county,2.631751953517868,5.8,114.89,468.74,2012,0.13,0.0,0.0,184900.0,1073690.0,31342.0,0,0.1488887389574447,1
MN-501,ramsey county,2.631751953517868,5.0,119.92,489.26,2013,0.13,0.0,0.0,187000.0,1073690.0,31342.0,0,0.046767578402983956,1
MN-501,ramsey county,2.631751953517868,4.1,127.99,522.19,2014,0.14,0.0,0.0,197700.0,1073690.0,31342.0,0,-0.07748742411262655,0
MN-501,ramsey county,2.631751953517868,3.6,132.09,538.92,2015,0.14,0.0,0.0,207600.0,1073690.0,31342.0,233,-0.041676562776505666,0
MN-501,ramsey county,2.631751953517868,3.6,139.38,568.69,2016,0.14,0.0,0.0,220100.0,1073690.0,31342.0,135,0.05406957383705979,1
MN-501,ramsey county,2.631751953517868,3.3,148.35,605.26,2017,0.15,0.32,0.33,231100.0,1073690.0,31342.0,125,-0.013760081844082284,0
MN-501,ramsey county,2.631751953517868,2.8,158.63,647.2,2018,0.15,0.35,0.33,240900.0,1073690.0,31342.0,103,0.108624659389293,1
NC-500,forsyth county,2.631751953517868,5.2,114.25,339.37,2011,0.02,0.0,0.0,151800.0,1073690.0,31342.0,0,0.045645836643805504,1
NC-500,forsyth county,2.631751953517868,9.1,111.4,330.92,2012,0.02,0.0,0.0,153800.0,1073690.0,31342.0,0,-0.2974150650134896,0
NC-500,forsyth county,2.631751953517868,7.3,110.92,329.47,2013,0.02,0.0,0.0,149700.0,1073690.0,31342.0,0,0.2925147295777124,1
NC-500,forsyth county,2.631751953517868,5.8,110.79,329.09,2014,0.02,0.0,0.0,144900.0,1073690.0,31342.0,0,0.09755791509880152,1
NC-500,forsyth county,2.631751953517868,5.4,115.72,343.75,2015,0.02,0.0,0.0,151600.0,1073690.0,31342.0,6,-0.0536760275631325,0
NC-500,forsyth county,2.631751953517868,4.9,118.31,351.42,2016,0.02,0.0,0.0,153200.0,1073690.0,31342.0,18,-0.1779207630317753,0
NC-500,forsyth county,2.631751953517868,4.4,122.82,364.83,2017,0.03,0.34,0.32,156500.0,1073690.0,31342.0,17,-0.035817742063881663,0
NC-500,forsyth county,2.631751953517868,3.9,130.49,387.61,2018,0.03,0.33,0.32,163200.0,1073690.0,31342.0,13,0.023192144571838158,1
NC-502,durham county,2.631751953517868,5.2,120.29,416.33,2011,0.04,0.0,0.0,181100.0,1073690.0,31342.0,0,0.14305215582192043,1
NC-502,durham county,2.631751953517868,7.6,119.45,413.44,2012,0.05,0.0,0.0,176600.0,1073690.0,31342.0,0,0.047001729352998955,1
NC-502,durham county,2.631751953517868,6.1,121.04,418.91,2013,0.04,0.0,0.0,179000.0,1073690.0,31342.0,0,0.05388341808116759,1
NC-502,durham county,2.631751953517868,5.0,128.25,443.89,2014,0.04,0.0,0.0,181900.0,1073690.0,31342.0,0,-0.019158652449183244,0
NC-502,durham county,2.631751953517868,5.0,133.5,462.05,2015,0.05,0.0,0.0,195200.0,1073690.0,31342.0,30,-0.5720552092723258,0
NC-502,durham county,2.631751953517868,4.5,142.37,492.76,2016,0.05,0.0,0.0,194800.0,1073690.0,31342.0,18,-0.01741753305095628,0
NC-502,durham county,2.631751953517868,4.1,155.56,538.4,2017,0.05,0.33,0.33,227200.0,1073690.0,31342.0,12,-0.06056855558934493,0
NC-502,durham county,2.631751953517868,3.6,170.95,591.66,2018,0.05,0.33,0.33,233300.0,1073690.0,31342.0,8,0.052270210900967395,1
NC-507,wake county,2.631751953517868,5.2,121.81,460.11,2011,0.05,0.0,0.0,225700.0,1073690.0,31342.0,0,-0.0523657986592434,0
NC-507,wake county,2.631751953517868,7.3,120.14,453.77,2012,0.06,0.0,0.0,227400.0,1073690.0,31342.0,0,-0.038484755748600774,0
NC-507,wake county,2.315976403005456,5.8,122.68,463.37,2013,0.06,0.0,0.0,224100.0,743315.0,10779.0,0,0.03953755794203473,1
NC-507,wake county,2.2570862996686043,4.8,129.03,487.36,2014,0.06,0.0,0.0,237400.0,767361.0,10972.0,0,-0.2465927737029614,0
NC-507,wake county,2.2171309857481885,4.7,134.76,509.03,2015,0.06,0.0,0.0,252500.0,791338.0,10957.0,8,-0.11466258831679454,0
NC-507,wake county,2.1446093583853054,4.3,143.57,542.29,2016,0.07,0.0,0.0,268400.0,808772.0,10813.0,26,0.05507157647665939,1
NC-507,wake county,2.035236609764093,3.9,153.65,580.36,2017,0.07,0.25,0.26,276000.0,832827.0,10521.0,56,0.09152666409939525,1
NC-507,wake county,1.93606758,3.5,163.04,615.82,2018,0.07,0.26,0.26,301900.0,853276.0,10467.0,33,-0.03049354957209216,0
NC-511,cumberland county,2.631751953517868,5.2,130.35,237.79,2011,0.02,0.0,0.0,134400.0,1073690.0,31342.0,0,0.5175713948544722,1
NC-511,cumberland county,2.631751953517868,10.8,127.12,231.89,2012,0.02,0.0,0.0,124500.0,1073690.0,31342.0,0,-0.609295160623901,0
NC-511,cumberland county,2.631751953517868,9.4,124.84,227.73,2013,0.02,0.0,0.0,130800.0,1073690.0,31342.0,0,0.033416035263985844,1
NC-511,cumberland county,2.631751953517868,7.8,122.87,224.14,2014,0.03,0.0,0.0,124100.0,1073690.0,31342.0,0,-0.08490108022646103,0
NC-511,cumberland county,2.631751953517868,7.2,122.9,224.2,2015,0.02,0.0,0.0,128600.0,1073690.0,31342.0,13,-0.14026629435723448,0
NC-511,cumberland county,2.631751953517868,6.4,123.33,224.98,2016,0.02,0.0,0.0,134300.0,1073690.0,31342.0,8,-0.155733216614926,0
NC-511,cumberland county,2.631751953517868,5.7,122.38,223.23,2017,0.03,0.34,0.32,136500.0,1073690.0,31342.0,24,-0.15782401862184336,0
NC-511,cumberland county,2.631751953517868,5.2,125.76,229.41,2018,0.03,0.33,0.32,138700.0,1073690.0,31342.0,33,-0.12397130702100934,0
NC-513,orange county,2.631751953517868,5.2,132.57,567.4,2011,0.07,0.01,0.01,262600.0,1073690.0,31342.0,0,-0.20399418421430826,0
NC-513,orange county,2.631751953517868,6.3,131.81,564.15,2012,0.07,0.01,0.01,271400.0,1073690.0,31342.0,0,0.0989734252580523,1
NC-513,orange county,2.631751953517868,5.2,132.86,568.63,2013,0.07,0.01,0.01,270700.0,1073690.0,31342.0,0,-0.12237642473865351,0
NC-513,orange county,2.631751953517868,4.5,135.97,581.94,2014,0.08,0.01,0.01,281400.0,1073690.0,31342.0,0,0.1865521236754053,1
NC-513,orange county,2.631751953517868,4.6,140.12,599.71,2015,0.08,0.01,0.01,278200.0,1073690.0,31342.0,11,-0.38177808017215353,0
NC-513,orange county,2.631751953517868,4.2,144.31,617.66,2016,0.08,0.01,0.01,304000.0,1073690.0,31342.0,1,0.5530000828767547,1
NC-513,orange county,2.631751953517868,3.8,151.72,649.36,2017,0.08,0.27,0.28,279700.0,1073690.0,31342.0,9,0.1879904207122951,1
NC-513,orange county,2.631751953517868,3.3,159.36,682.05,2018,0.08,0.28,0.28,327300.0,1073690.0,31342.0,12,-0.15237333235497208,0
NV-500,clark county,2.631751953517868,5.2,85.27,295.12,2011,0.09,0.0,0.0,153800.0,1073690.0,31342.0,0,-0.09904696444017225,0
NV-500,clark county,2.680462650577405,11.7,85.81,297.01,2012,0.09,0.0,0.0,145200.0,1541898.0,26195.0,0,-0.19808380281715743,0
NV-500,clark county,2.720715199385606,10.0,101.17,350.18,2013,0.09,0.0,0.0,162300.0,1572932.0,27909.0,0,0.22524056165520023,1
NV-500,clark county,2.7305325672474035,8.2,122.05,422.42,2014,0.09,0.0,0.0,188700.0,1609393.0,29230.0,0,-0.012657137425375109,0
NV-500,clark county,2.7359116048959566,6.9,132.4,458.28,2015,0.1,0.0,0.0,217300.0,1645521.0,30832.0,351,-0.1889305526206272,0
NV-500,clark county,2.7146573072002007,5.9,142.99,494.92,2016,0.1,0.0,0.0,233700.0,1682717.0,32084.0,335,0.02246135133246363,1
NV-500,clark county,2.6713618050146914,5.2,158.04,546.99,2017,0.1,0.27,0.28,250000.0,1721781.0,32235.0,351,-0.07429037988079246,0
NV-500,clark county,2.620846319250912,4.6,182.02,630.01,2018,0.1,0.29,0.28,286600.0,1746764.0,32490.0,295,-0.1049734968886693,0
NV-501,washoe county,2.631751953517868,5.2,99.05,397.21,2011,0.05,0.0,0.0,177400.0,1073690.0,31342.0,0,0.012369787462050974,1
NV-501,washoe county,2.631751953517868,11.5,96.63,387.49,2012,0.05,0.0,0.0,176500.0,1073690.0,31342.0,0,-0.14910863905377192,0
NV-501,washoe county,2.631751953517868,9.8,112.54,451.3,2013,0.05,0.0,0.0,201700.0,1073690.0,31342.0,0,0.015963996121721058,1
NV-501,washoe county,2.631751953517868,7.8,134.03,537.48,2014,0.05,0.0,0.0,233300.0,1073690.0,31342.0,0,0.16144148798641234,1
NV-501,washoe county,2.631751953517868,6.3,150.96,605.36,2015,0.05,0.0,0.0,268400.0,1073690.0,31342.0,58,0.07427114306222005,1
NV-501,washoe county,2.631751953517868,5.1,169.07,677.98,2016,0.06,0.0,0.0,299100.0,1073690.0,31342.0,49,0.10137578581170592,1
NV-501,washoe county,2.631751953517868,4.1,185.14,742.41,2017,0.05,0.3,0.29,331200.0,1073690.0,31342.0,62,0.06584469499502554,1
NV-501,washoe county,2.631751953517868,3.5,205.2,822.85,2018,0.05,0.31,0.29,363000.0,1073690.0,31342.0,15,0.04076592044067895,1
OH-503,franklin county,2.631751953517868,5.2,108.66,375.84,2011,0.04,0.0,0.0,150400.0,1073690.0,31342.0,0,-0.0028748788012692428,0
OH-503,franklin county,3.188006944705737,6.4,107.27,371.04,2012,0.04,0.0,0.0,147500.0,930205.0,29007.0,0,0.023340002752968436,1
OH-503,franklin county,3.210556249748928,6.4,109.8,379.8,2013,0.04,0.0,0.0,146300.0,945942.0,29984.0,0,0.06782668280504711,1
OH-503,franklin county,3.184693486,4.9,115.92,400.95,2014,0.04,0.0,0.0,153000.0,960689.0,30419.0,0,0.04897740852375243,1
OH-503,franklin county,3.129433023,4.1,121.91,421.67,2015,0.05,0.0,0.0,158400.0,978452.0,30416.0,73,-0.008393737803037538,0
OH-503,franklin county,3.039547496849188,4.1,129.87,449.23,2016,0.05,0.0,0.0,162300.0,988634.0,30377.0,126,-0.039991153821048786,0
OH-503,franklin county,2.9125465291042203,4.1,139.13,481.25,2017,0.05,0.32,0.32,172600.0,1012001.0,30445.0,125,0.05365863551275263,1
OH-503,franklin county,2.781486749999757,3.8,149.67,517.71,2018,0.06,0.32,0.32,186500.0,1031283.0,30230.0,90,0.05016605322261669,1
OK-501,tulsa county,2.631751953517868,5.2,121.82,350.01,2011,0.02,0.0,0.0,133300.0,1073690.0,31342.0,0,0.15545956207218636,1
OK-501,tulsa county,3.635284675023054,5.0,122.16,351.01,2012,0.03,0.0,0.0,135400.0,468464.0,13077.0,0,-0.026362862458514047,0
OK-501,tulsa county,3.689726581799451,4.9,123.44,354.67,2013,0.03,0.0,0.0,136100.0,475645.0,13518.0,0,-0.009456925701696317,0
OK-501,tulsa county,3.6740362552106975,4.1,127.23,365.57,2014,0.03,0.0,0.0,140000.0,480262.0,13830.0,0,-0.06774535347728217,0
OK-501,tulsa county,3.624114156529844,4.0,132.22,379.89,2015,0.03,0.0,0.0,147900.0,489223.0,14145.0,48,0.08472905193753677,1
OK-501,tulsa county,3.564322596,4.5,135.99,390.72,2016,0.03,0.0,0.0,150100.0,491538.0,14160.0,41,0.024422504547763957,1
OK-501,tulsa county,3.510841023939668,4.0,141.6,406.85,2017,0.04,0.3,0.3,155600.0,494326.0,14260.0,84,0.0051231366393800215,1
OK-501,tulsa county,3.4703275417355464,3.2,146.65,421.35,2018,0.03,0.3,0.3,160800.0,496639.0,14121.0,102,0.09157885757642403,1
OR-501,multnomah county,2.631751953517868,5.2,141.75,801.46,2011,0.07,0.0,0.0,257400.0,1073690.0,31342.0,0,-0.030996344222644745,0
OR-501,multnomah county,2.970839568178539,7.6,142.17,803.81,2012,0.07,0.0,0.0,255600.0,616829.0,16410.0,0,-0.004945739920497627,0
OR-501,multnomah county,2.973948436568884,6.7,153.39,867.26,2013,0.07,0.0,0.0,274700.0,622573.0,16859.0,0,-0.12778125448189515,0
OR-501,multnomah county,2.917650559315274,5.8,170.26,962.65,2014,0.07,0.0,0.0,290400.0,631844.0,17551.0,0,-0.048720147997721286,0
OR-501,multnomah county,2.8470516493398152,4.8,186.75,1055.91,2015,0.07,0.0,0.0,321700.0,646107.0,17579.0,256,0.017533459897188353,1
OR-501,multnomah county,2.7222857142857144,4.2,212.63,1202.22,2016,0.07,0.0,0.0,367700.0,656250.0,17723.0,380,0.056901418526693615,1
OR-501,multnomah county,2.599451385672263,3.6,228.19,1290.19,2017,0.07,0.32,0.32,393900.0,664948.0,17911.0,374,-0.04295182749952997,0
OR-501,multnomah county,2.473288188854073,3.6,236.62,1337.89,2018,0.08,0.33,0.32,422900.0,669554.0,17763.0,361,-0.0021935545717785,0
TN-501,shelby county,2.631751953517868,5.2,101.86,304.7,2011,0.02,0.0,0.0,131700.0,1073690.0,31342.0,0,0.06255132532223606,1
TN-501,shelby county,3.8058559156770513,8.8,100.2,299.75,2012,0.02,0.0,0.0,129400.0,715345.0,31361.0,0,-0.12403131668008438,0
TN-501,shelby county,3.872934691579676,8.8,101.27,302.94,2013,0.02,0.0,0.0,123000.0,714058.0,31622.0,0,-0.07699276887790207,0
TN-501,shelby county,3.9153554778554778,7.6,105.49,315.57,2014,0.02,0.0,0.0,130700.0,713856.0,32293.0,0,-0.08883985127721006,0
TN-501,shelby county,3.8820744686804014,6.4,109.47,327.47,2015,0.03,0.0,0.0,135800.0,714824.0,31952.0,7,0.09848493819142945,1
TN-501,shelby county,3.853806167771224,5.4,114.01,341.05,2016,0.02,0.0,0.0,141200.0,713710.0,31651.0,7,-0.1477463981338406,0
TN-501,shelby county,3.786207089187453,4.4,121.17,362.47,2017,0.03,0.33,0.31,148600.0,716020.0,31708.0,41,-0.13915269228555394,0
TN-501,shelby county,3.6812352357340825,4.1,128.92,385.66,2018,0.03,0.34,0.32,157700.0,718373.0,31200.0,40,0.07913360560770744,1
TX-500,bexar county,2.631751953517868,5.2,143.19,385.29,2011,0.02,0.0,0.0,122300.0,1073690.0,31342.0,0,0.1201944242627766,1
TX-500,bexar county,3.663991383243701,6.3,144.27,388.21,2012,0.03,0.0,0.0,123000.0,1336930.0,48628.0,0,-0.2022644102496668,0
TX-500,bexar county,3.667278736687477,5.9,147.71,397.46,2013,0.03,0.0,0.0,126500.0,1361500.0,49124.0,0,-0.049535036075743055,0
TX-500,bexar county,3.573567449335265,4.7,156.55,421.25,2014,0.03,0.0,0.0,133500.0,1392586.0,49147.0,0,-0.022410041805435155,0
TX-500,bexar county,3.485854806843499,3.8,167.51,450.74,2015,0.03,0.0,0.0,142100.0,1427340.0,49193.0,84,-0.05347430768259431,0
TX-500,bexar county,3.3875184800339886,3.8,179.84,483.9,2016,0.03,0.0,0.0,150200.0,1452243.0,47866.0,75,-0.028720720861998505,0
TX-500,bexar county,3.295501596416893,3.6,192.65,518.38,2017,0.03,0.27,0.27,160100.0,1480503.0,46862.0,23,0.10229352313339501,1
TX-500,bexar county,3.185311280174713,3.4,203.39,547.28,2018,0.03,0.3,0.27,169700.0,1507388.0,45796.0,27,-0.07145877053709748,0
TX-600,dallas county,2.631751953517868,5.2,122.36,393.52,2011,0.05,0.0,0.0,125000.0,1073690.0,31342.0,0,-0.04128241058506521,0
TX-600,dallas county,2.748821484795282,7.1,122.89,395.24,2012,0.05,0.0,0.0,128900.0,1830057.0,54581.0,0,-0.09218983821354243,0
TX-600,dallas county,2.7416939551791235,6.6,129.38,416.12,2013,0.06,0.0,0.0,127200.0,1855787.0,56531.0,0,0.0940733893287049,1
TX-600,dallas county,2.684697567615878,5.5,141.53,455.17,2014,0.06,0.0,0.0,135500.0,1890902.0,57490.0,0,-0.1183105829488752,0
TX-600,dallas county,2.6165838086137967,4.3,154.81,497.88,2015,0.06,0.0,0.0,145800.0,1918341.0,57820.0,94,0.2028149218036066,1
TX-600,dallas county,2.5305415070150485,4.0,169.93,546.52,2016,0.06,0.0,0.0,154300.0,1939901.0,56469.0,152,-0.02190740370553912,0
TX-600,dallas county,2.426303980722765,4.0,186.01,598.24,2017,0.06,0.29,0.28,175000.0,1982027.0,55882.0,156,0.07953057780382178,1
TX-600,dallas county,2.2997334184532288,3.8,198.29,637.74,2018,0.06,0.29,0.29,196300.0,2005015.0,54659.0,65,0.10213164889097781,1
TX-601,tarrant county,2.631751953517868,5.2,120.59,352.01,2011,0.05,0.0,0.0,133700.0,1073690.0,31342.0,0,-0.03700164129619621,0
TX-601,tarrant county,2.522587831239339,6.5,121.44,354.49,2012,0.05,0.0,0.0,135000.0,1398762.0,30292.0,0,0.10728006541492752,1
TX-601,tarrant county,2.5045629689718107,6.1,125.86,367.37,2013,0.05,0.0,0.0,138800.0,1429990.0,31323.0,0,-0.0029946754108864937,0
TX-601,tarrant county,2.4764297201716645,5.1,135.8,396.41,2014,0.05,0.0,0.0,145200.0,1459359.0,31380.0,0,-0.22550714706458075,0
TX-601,tarrant county,2.404828139502801,4.2,146.57,427.82,2015,0.05,0.0,0.0,153200.0,1493246.0,31755.0,80,-0.004717746544694368,0
TX-601,tarrant county,2.3541790698941423,4.0,160.34,468.02,2016,0.05,0.0,0.0,168500.0,1523461.0,31712.0,63,-0.016783317938034115,0
TX-601,tarrant county,2.286206777054891,3.8,177.3,517.54,2017,0.05,0.24,0.25,186200.0,1558258.0,31911.0,25,0.022960087329588763,1
TX-601,tarrant county,2.1994269116675054,3.5,191.33,558.48,2018,0.06,0.25,0.25,210000.0,1584049.0,31496.0,17,-0.001965661247632089,0
VA-600,arlington county,2.631751953517868,5.2,213.08,1084.14,2011,0.1,0.0,0.0,578100.0,1073690.0,31342.0,0,-0.04400259288984676,0
VA-600,arlington county,2.631751953517868,3.4,217.32,1105.72,2012,0.1,0.0,0.0,580400.0,1073690.0,31342.0,0,0.043851274017350894,1
VA-600,arlington county,2.631751953517868,3.4,227.29,1156.42,2013,0.09,0.0,0.0,598200.0,1073690.0,31342.0,0,-0.39784442817047827,0
VA-600,arlington county,2.631751953517868,3.2,239.7,1219.54,2014,0.1,0.0,0.0,604600.0,1073690.0,31342.0,0,-0.18677948552398527,0
VA-600,arlington county,2.631751953517868,2.8,245.57,1249.43,2015,0.11,0.0,0.0,655000.0,1073690.0,31342.0,8,-0.27477042920449346,0
VA-600,arlington county,2.631751953517868,2.6,252.16,1282.98,2016,0.1,0.0,0.0,678100.0,1073690.0,31342.0,7,0.30544265457976016,1
VA-600,arlington county,2.631751953517868,2.5,255.78,1301.36,2017,0.11,0.4,0.39,735100.0,1073690.0,31342.0,25,-0.05766471973657761,0
VA-600,arlington county,2.631751953517868,2.0,266.3,1354.89,2018,0.1,0.38,0.39,707000.0,1073690.0,31342.0,12,-0.024360265225980338,0
WA-500,king county,2.631751953517868,5.2,134.25,958.93,2011,0.15,0.0,0.0,364300.0,1073690.0,31342.0,0,-0.02677265291539188,0
WA-500,king county,2.106909661725495,6.3,133.14,950.99,2012,0.15,0.0,0.0,353800.0,1616823.0,29449.0,0,0.00473777691423205,1
WA-500,king county,2.088778244112808,4.4,142.86,1020.39,2013,0.15,0.0,0.0,376200.0,1644502.0,29979.0,0,-0.034023193968776955,0
WA-500,king county,2.049168108706982,4.5,158.03,1128.77,2014,0.16,0.0,0.0,402700.0,1677022.0,30267.0,0,0.11122440011613732,1
WA-500,king county,1.973238625657528,4.1,170.85,1220.35,2015,0.16,0.0,0.0,438100.0,1714187.0,29999.0,1105,0.04387257929297106,1
WA-500,king county,1.8850733878273689,3.8,193.63,1383.06,2016,0.17,0.0,0.0,491300.0,1741842.0,29341.0,1154,0.06591225979640702,1
WA-500,king county,1.7879721104485655,3.6,218.23,1558.77,2017,0.17,0.29,0.3,563600.0,1777153.0,28950.0,1794,0.019545610328100427,1
WA-500,king county,1.6758516315630398,3.3,238.22,1701.55,2018,0.18,0.29,0.29,635200.0,1813108.0,28416.0,1953,-0.08343210969248349,0
WA-502,spokane county,2.631751953517868,5.2,143.24,502.25,2011,0.02,0.0,0.0,185600.0,1073690.0,31342.0,0,-0.07226179411361688,0
WA-502,spokane county,2.631751953517868,8.3,139.5,489.11,2012,0.02,0.0,0.0,174900.0,1073690.0,31342.0,0,-0.1374430868052643,0
WA-502,spokane county,2.631751953517868,8.0,140.78,493.61,2013,0.02,0.0,0.0,179300.0,1073690.0,31342.0,0,0.10420170058370926,1
WA-502,spokane county,2.631751953517868,6.8,146.38,513.24,2014,0.02,0.0,0.0,182700.0,1073690.0,31342.0,0,-0.11223446875305143,0
WA-502,spokane county,2.631751953517868,6.3,153.89,539.57,2015,0.02,0.0,0.0,194400.0,1073690.0,31342.0,56,-0.06670679233268173,0
WA-502,spokane county,2.631751953517868,6.0,165.41,579.96,2016,0.02,0.0,0.0,201300.0,1073690.0,31342.0,77,0.09556900781671196,1
WA-502,spokane county,2.631751953517868,5.3,180.66,633.43,2017,0.02,0.29,0.29,222200.0,1073690.0,31342.0,63,0.12338305138879346,1
WA-502,spokane county,4.14008248,5.2,201.38,706.11,2018,0.02,0.29,0.29,243400.0,404219.0,13809.0,63,0.034980866238261354,1
WI-501,milwaukee county,2.631751953517868,5.2,122.69,414.45,2011,0.03,0.0,0.0,159800.0,1073690.0,31342.0,0,-0.025925811958123823,0
WI-501,milwaukee county,4.252409517,8.5,117.8,397.92,2012,0.03,0.0,0.0,153200.0,734172.0,39207.0,0,0.006121637217570752,1
WI-501,milwaukee county,4.270531768490581,8.3,117.38,396.52,2013,0.04,0.0,0.0,146700.0,736091.0,40278.0,0,0.039112145726863945,1
WI-501,milwaukee county,4.263660535026317,6.8,120.17,405.93,2014,0.04,0.0,0.0,147200.0,737160.0,40606.0,0,0.013268436220710944,1
WI-501,milwaukee county,4.220311637123583,5.6,123.24,416.28,2015,0.04,0.0,0.0,150400.0,738808.0,41055.0,26,-0.0635436754910198,0
WI-501,milwaukee county,4.154336907832225,4.9,127.9,432.03,2016,0.04,0.0,0.0,151700.0,736700.0,40609.0,95,-0.3643831463736896,0
WI-501,milwaukee county,4.123166917171061,4.0,133.95,452.48,2017,0.04,0.36,0.35,157000.0,738510.0,40645.0,36,-0.028258032206280093,0
WI-501,milwaukee county,4.023021340036782,3.6,141.62,478.38,2018,0.04,0.35,0.36,162600.0,735144.0,40114.0,37,0.0187325806821661,1
WI-503,dane county,2.631751953517868,5.2,133.12,531.2,2011,0.05,0.0,0.0,226900.0,1073690.0,31342.0,0,0.07240191527655915,1
WI-503,dane county,2.631751953517868,4.8,132.05,526.94,2012,0.05,0.0,0.0,224900.0,1073690.0,31342.0,0,0.1148701678683306,1
WI-503,dane county,2.631751953517868,4.7,133.0,530.73,2013,0.05,0.0,0.0,228400.0,1073690.0,31342.0,0,-0.0764730852106782,0
WI-503,dane county,2.631751953517868,3.6,137.25,547.67,2014,0.06,0.0,0.0,233000.0,1073690.0,31342.0,0,-0.02166695446086153,0
WI-503,dane county,2.631751953517868,3.1,141.44,564.38,2015,0.06,0.0,0.0,240800.0,1073690.0,31342.0,23,-0.19589303359447086,0
WI-503,dane county,2.631751953517868,2.8,148.94,594.33,2016,0.06,0.0,0.0,255900.0,1073690.0,31342.0,34,-0.0788693310139571,0
WI-503,dane county,2.631751953517868,2.4,157.91,630.1,2017,0.06,0.3,0.3,263300.0,1073690.0,31342.0,36,0.038062191430777714,1
WI-503,dane county,2.631751953517868,2.2,166.73,665.33,2018,0.06,0.3,0.3,275200.0,1073690.0,31342.0,34,-0.06608958129891152,0
